Form;Oboz;Name
A2;»яƒ—.121212.122 —б; —борочный чертеж —борочный чертеж —борочный чертеж —борочный чертеж —борочный чертеж —борочный чертеж
A3;»яƒ—.121212.122 ѕЁ3; ѕеречень элементов
A2;»яƒ—.121212.122 —б; —борочный чертеж —борочный чертеж —борочный чертеж —борочный чертеж —борочный чертеж —борочный чертеж
A3;»яƒ—.121212.122 ѕЁ3; ѕеречень элементов
A2;»яƒ—.121212.122 —б; —борочный чертеж —борочный чертеж —борочный чертеж —борочный чертеж —борочный чертеж —борочный чертеж
A3;»яƒ—.121212.122 ѕЁ3; ѕеречень элементов
A2;»яƒ—.121212.122 —б; —борочный чертеж —борочный чертеж —борочный чертеж —борочный чертеж —борочный чертеж —борочный чертеж
A3;»яƒ—.121212.122 ѕЁ3; ѕеречень элементов
A2;»яƒ—.121212.122 —б; —борочный чертеж —борочный чертеж —борочный чертеж —борочный чертеж —борочный чертеж —борочный чертеж
A3;»яƒ—.121212.122 ѕЁ3; ѕеречень элементов
A3;»яƒ—.121212.122 ѕЁ3; ѕеречень элементов
A2;»яƒ—.121212.122 —б; —борочный чертеж —борочный чертеж —борочный чертеж —борочный чертеж —борочный чертеж —борочный чертеж
A3;»яƒ—.121212.122 ѕЁ3; ѕеречень элементов
A2;»яƒ—.121212.122 —б; —борочный чертеж —борочный чертеж —борочный чертеж —борочный чертеж —борочный чертеж —борочный чертеж
A3;»яƒ—.121212.122 ѕЁ3; ѕеречень элементов
A2;»яƒ—.121212.122 —б; —борочный чертеж —борочный чертеж —борочный чертеж —борочный чертеж —борочный чертеж —борочный чертеж
A3;»яƒ—.121212.122 ѕЁ3; ѕеречень элементов
