RefDes;Name;PartNumber;PartNumberRU;Value;TU GOST;PartDocument;Manufacturer;Unplaced;Case;TCx;PowerRating;Voltage;ReplacementPN;SpecSection;BomNote;Tolerance
BQ1;Резонатор;ABM8G-25.000MHZ-18-D2Y-T; ;25 МГц; ; ;Abracon; ;SMD 3,2х2,5;30 PPM; ; ; ;Прочие изделия; ;20 PPM
BQ2;Резонатор;ABM8G-25.000MHZ-18-D2Y-T; ;25 МГц; ; ;Abracon; ;SMD 3,2х2,5;30 PPM; ; ; ;Прочие изделия; ;20 PPM
BQ3;Резонатор;ABM8G-25.000MHZ-18-D2Y-T; ;25 МГц; ; ;Abracon;*;SMD 3,2х2,5;30 PPM; ; ; ;Прочие изделия; ;20 PPM
BQ4;Резонатор;ABM8G-25.000MHZ-18-D2Y-T; ;25 МГц; ; ;Abracon; ;SMD 3,2х2,5;30 PPM; ; ; ;Прочие изделия; ;20 PPM
C1;Чип конденсатор;C0805C475K4RAC; ;4,7 мк; ; ;Kemet; ;0805;X7R; ; ; ;Прочие изделия; ;10
C2;Чип конденсатор;C0603C105K4RAC; ;1 мк; ; ;Kemet; ;0603;X7R; ; ; ;Прочие изделия; ;10
C3;Чип конденсатор;C0402C104J4RAC; ;0,1 мк; ; ;Kemet; ;0402;X7R; ; ; ;Прочие изделия; ;5
C4;Чип конденсатор;C0402C104J4RAC; ;0,1 мк; ; ;Kemet; ;0402;X7R; ; ; ;Прочие изделия; ;5
C5;Чип конденсатор;C0402C104J4RAC; ;0,1 мк; ; ;Kemet; ;0402;X7R; ; ; ;Прочие изделия; ;5
C6;Чип конденсатор;C0402C104J4RAC; ;0,1 мк; ; ;Kemet; ;0402;X7R; ; ; ;Прочие изделия; ;5
C7;Чип конденсатор;C0603C224J4RAC; ;0,22 мк; ; ;Kemet; ;0603;X7R; ; ; ;Прочие изделия; ;5
C8;Чип конденсатор;C0603C105K4RAC; ;1 мк; ; ;Kemet; ;0603;X7R; ; ; ;Прочие изделия; ;10
C9;Чип конденсатор;C0805C475K4RAC; ;4,7 мк; ; ;Kemet; ;0805;X7R; ; ; ;Прочие изделия; ;10
C10;Чип конденсатор;C0805C475K4RAC; ;4,7 мк; ; ;Kemet; ;0805;X7R; ; ; ;Прочие изделия; ;10
C11;Чип конденсатор;C0805C475K4RAC; ;4,7 мк; ; ;Kemet; ;0805;X7R; ; ; ;Прочие изделия; ;10
C12;Чип конденсатор;C0603C105K4RAC; ;1 мк; ; ;Kemet; ;0603;X7R; ; ; ;Прочие изделия; ;10
C13;Чип конденсатор;C1206C226K8RAC; ;22 мк; ; ;Vishay; ;1206;X7R; ; ; ;Прочие изделия; ;10
C14;Чип конденсатор;C1206C226K8RAC; ;22 мк; ; ;Vishay; ;1206;X7R; ; ; ;Прочие изделия; ;10
C15;Чип конденсатор;C0603C105K4RAC; ;1 мк; ; ;Kemet; ;0603;X7R; ; ; ;Прочие изделия; ;10
C16;Чип конденсатор;C1206C226K8RAC; ;22 мк; ; ;Vishay;*;1206;X7R; ; ; ;Прочие изделия; ;10
C17;Чип конденсатор;C1206C226K8RAC; ;22 мк; ; ;Vishay; ;1206;X7R; ; ; ;Прочие изделия; ;10
C18;Чип конденсатор;C1206C226K8RAC; ;22 мк; ; ;Vishay; ;1206;X7R; ; ; ;Прочие изделия; ;10
C19;Чип конденсатор;C0402C104J4RAC; ;0,1 мк; ; ;Kemet; ;0402;X7R; ; ; ;Прочие изделия; ;5
C20;Чип конденсатор;C1206C106K3RAC; ;10 мк; ; ;Vishay; ;1206;X7R; ; ; ;Прочие изделия; ;10
C21;Чип конденсатор;C0402C103J4RAC; ;0,01 мк; ; ;Kemet; ;0402;X7R; ; ; ;Прочие изделия; ;5
C22;Чип конденсатор;C0402C104J4RAC; ;0,1 мк; ; ;Kemet; ;0402;X7R; ; ; ;Прочие изделия; ;5
C23;Чип конденсатор;C0603C474J4RAC; ;0,47 мк; ; ;Kemet; ;0603;X7R; ; ; ;Прочие изделия; ;5
C24;Чип конденсатор;C0402C104J4RAC; ;0,1 мк; ; ;Kemet; ;0402;X7R; ; ; ;Прочие изделия; ;5
C25;Чип конденсатор;C0402C100J4RAC; ;10; ; ;Kemet; ;0402;X7R; ; ; ;Прочие изделия; ;5
C26;Чип конденсатор;C1206C226K8RAC; ;22 мк; ; ;Vishay; ;1206;X7R; ; ; ;Прочие изделия; ;10
C27;Чип конденсатор;C1206C226K8RAC; ;22 мк; ; ;Vishay; ;1206;X7R; ; ; ;Прочие изделия; ;10
C28;Чип конденсатор;C1206C226K8RAC; ;22 мк; ; ;Vishay; ;1206;X7R; ; ; ;Прочие изделия; ;10
C29;Чип конденсатор;C1206C226K8RAC; ;22 мк; ; ;Vishay; ;1206;X7R; ; ; ;Прочие изделия; ;10
C30;Чип конденсатор;C0402C104J4RAC; ;0,1 мк; ; ;Kemet;*;0402;X7R; ; ; ;Прочие изделия; ;5
C31;Чип конденсатор;C0402C104J4RAC; ;0,1 мк; ; ;Kemet; ;0402;X7R; ; ; ;Прочие изделия; ;5
C32;Чип конденсатор;C0402C104J4RAC; ;0,1 мк; ; ;Kemet; ;0402;X7R; ; ; ;Прочие изделия; ;5
C33;Чип конденсатор;C0402C104J4RAC; ;0,1 мк; ; ;Kemet; ;0402;X7R; ; ; ;Прочие изделия; ;5
C34;Чип конденсатор;C0402C104J4RAC; ;0,1 мк; ; ;Kemet; ;0402;X7R; ; ; ;Прочие изделия; ;5
C35;Чип конденсатор;C0402C104J4RAC; ;0,1 мк; ; ;Kemet; ;0402;X7R; ; ; ;Прочие изделия; ;5
C36;Чип конденсатор;C0402C104J4RAC; ;0,1 мк; ; ;Kemet; ;0402;X7R; ; ; ;Прочие изделия; ;5
C37;Чип конденсатор;C0402C104J4RAC; ;0,1 мк; ; ;Kemet; ;0402;X7R; ; ; ;Прочие изделия; ;5
C38;Чип конденсатор;C0402C104J4RAC; ;0,1 мк; ; ;Kemet; ;0402;X7R; ; ; ;Прочие изделия; ;5
C39;Чип конденсатор;C0402C104J4RAC; ;0,1 мк; ; ;Kemet; ;0402;X7R; ; ; ;Прочие изделия; ;5
C40;Чип конденсатор;C0402C104J4RAC; ;0,1 мк; ; ;Kemet; ;0402;X7R; ; ; ;Прочие изделия; ;5
C41;Чип конденсатор;C0402C104J4RAC; ;0,1 мк; ; ;Kemet; ;0402;X7R; ; ; ;Прочие изделия; ;5
C42;Чип конденсатор;C0402C104J4RAC; ;0,1 мк; ; ;Kemet; ;0402;X7R; ; ; ;Прочие изделия; ;5
C43;Чип конденсатор;C0402C104J4RAC; ;0,1 мк; ; ;Kemet; ;0402;X7R; ; ; ;Прочие изделия; ;5
C44;Чип конденсатор;C0402C104J4RAC; ;0,1 мк; ; ;Kemet; ;0402;X7R; ; ; ;Прочие изделия; ;5
C45;Чип конденсатор;C0402C104J4RAC; ;0,1 мк; ; ;Kemet; ;0402;X7R; ; ; ;Прочие изделия; ;5
C46;Чип конденсатор;C0402C104J4RAC; ;0,1 мк; ; ;Kemet; ;0402;X7R; ; ; ;Прочие изделия; ;5
C47;Чип конденсатор;C0402C104J4RAC; ;0,1 мк; ; ;Kemet; ;0402;X7R; ; ; ;Прочие изделия; ;5
C48;Чип конденсатор;C0402C104J4RAC; ;0,1 мк; ; ;Kemet; ;0402;X7R; ; ; ;Прочие изделия; ;5
C49;Чип конденсатор;C0402C180J4RAC; ;18; ; ;Kemet; ;0402;X7R; ; ; ;Прочие изделия; ;5
C50;Чип конденсатор;C0402C180J4RAC; ;18; ; ;Kemet; ;0402;X7R; ; ; ;Прочие изделия; ;5
C51;Чип конденсатор;C0402C104J4RAC; ;0,1 мк; ; ;Kemet; ;0402;X7R; ; ; ;Прочие изделия; ;5
C52;Чип конденсатор;C0402C104J4RAC; ;0,1 мк; ; ;Kemet; ;0402;X7R; ; ; ;Прочие изделия; ;5
C53;Чип конденсатор;C0402C104J4RAC; ;0,1 мк; ; ;Kemet; ;0402;X7R; ; ; ;Прочие изделия; ;5
C54;Чип конденсатор;C0402C104J4RAC; ;0,1 мк; ; ;Kemet; ;0402;X7R; ; ; ;Прочие изделия; ;5
C55;Чип конденсатор;C0402C104J4RAC; ;0,1 мк; ; ;Kemet; ;0402;X7R; ; ; ;Прочие изделия; ;5
C56;Чип конденсатор;C0402C104J4RAC; ;0,1 мк; ; ;Kemet; ;0402;X7R; ; ; ;Прочие изделия; ;5
C57;Чип конденсатор;C0402C104J4RAC; ;0,1 мк; ; ;Kemet; ;0402;X7R; ; ; ;Прочие изделия; ;5
C58;Чип конденсатор;C0402C104J4RAC; ;0,1 мк; ; ;Kemet; ;0402;X7R; ; ; ;Прочие изделия; ;5
C59;Чип конденсатор;C0402C104J4RAC; ;0,1 мк; ; ;Kemet; ;0402;X7R; ; ; ;Прочие изделия; ;5
C60;Чип конденсатор;C0402C104J4RAC; ;0,1 мк; ; ;Kemet; ;0402;X7R; ; ; ;Прочие изделия; ;5
C61;Чип конденсатор;C0402C104J4RAC; ;0,1 мк; ; ;Kemet; ;0402;X7R; ; ; ;Прочие изделия; ;5
C62;Чип конденсатор;C0402C104J4RAC; ;0,1 мк; ; ;Kemet; ;0402;X7R; ; ; ;Прочие изделия; ;5
C63;Чип конденсатор;C0402C104J4RAC; ;0,1 мк; ; ;Kemet; ;0402;X7R; ; ; ;Прочие изделия; ;5
C64;Чип конденсатор;C0402C104J4RAC; ;0,1 мк; ; ;Kemet; ;0402;X7R; ; ; ;Прочие изделия; ;5
C65;Чип конденсатор;C0402C104J4RAC; ;0,1 мк; ; ;Kemet; ;0402;X7R; ; ; ;Прочие изделия; ;5
C66;Чип конденсатор;C0402C104J4RAC; ;0,1 мк; ; ;Kemet; ;0402;X7R; ; ; ;Прочие изделия; ;5
C67;Чип конденсатор;C0402C104J4RAC; ;0,1 мк; ; ;Kemet; ;0402;X7R; ; ; ;Прочие изделия; ;5
C68;Чип конденсатор;C0402C104J4RAC; ;0,1 мк; ; ;Kemet; ;0402;X7R; ; ; ;Прочие изделия; ;5
C69;Чип конденсатор;C0402C104J4RAC; ;0,1 мк; ; ;Kemet; ;0402;X7R; ; ; ;Прочие изделия; ;5
C70;Чип конденсатор;C0402C104J4RAC; ;0,1 мк; ; ;Kemet; ;0402;X7R; ; ; ;Прочие изделия; ;5
C71;Чип конденсатор;C0402C104J4RAC; ;0,1 мк; ; ;Kemet; ;0402;X7R; ; ; ;Прочие изделия; ;5
C72;Чип конденсатор;C1206C102KGRAC; ;1000; ; ;Vishay; ;1206;X7R; ; ; ;Прочие изделия; ;10
C73;Чип конденсатор;C1206C102KGRAC; ;1000; ; ;Vishay; ;1206;X7R; ; ; ;Прочие изделия; ;10
C74;Чип конденсатор;C0402C104J4RAC; ;0,1 мк; ; ;Kemet; ;0402;X7R; ; ; ;Прочие изделия; ;5
C75;Чип конденсатор;C0402C104J4RAC; ;0,1 мк; ; ;Kemet; ;0402;X7R; ; ; ;Прочие изделия; ;5
C76;Чип конденсатор;C0402C104J4RAC; ;0,1 мк; ; ;Kemet; ;0402;X7R; ; ; ;Прочие изделия; ;5
C77;Чип конденсатор;C0402C104J4RAC; ;0,1 мк; ; ;Kemet; ;0402;X7R; ; ; ;Прочие изделия; ;5
C78;Чип конденсатор;C0402C104J4RAC; ;0,1 мк; ; ;Kemet; ;0402;X7R; ; ; ;Прочие изделия; ;5
C79;Чип конденсатор;C0402C104J4RAC; ;0,1 мк; ; ;Kemet; ;0402;X7R; ; ; ;Прочие изделия; ;5
C80;Чип конденсатор;C0402C104J4RAC; ;0,1 мк; ; ;Kemet; ;0402;X7R; ; ; ;Прочие изделия; ;5
C81;Чип конденсатор;C0402C104J4RAC; ;0,1 мк; ; ;Kemet; ;0402;X7R; ; ; ;Прочие изделия; ;5
C82;Чип конденсатор;C0402C104J4RAC; ;0,1 мк; ; ;Kemet; ;0402;X7R; ; ; ;Прочие изделия; ;5
C83;Чип конденсатор;C0402C104J4RAC; ;0,1 мк; ; ;Kemet; ;0402;X7R; ; ; ;Прочие изделия; ;5
C84;Чип конденсатор;C0402C104J4RAC; ;0,1 мк; ; ;Kemet; ;0402;X7R; ; ; ;Прочие изделия; ;5
C85;Чип конденсатор;C0402C104J4RAC; ;0,1 мк; ; ;Kemet; ;0402;X7R; ; ; ;Прочие изделия; ;5
C86;Чип конденсатор;C0402C104J4RAC; ;0,1 мк; ; ;Kemet; ;0402;X7R; ; ; ;Прочие изделия; ;5
C87;Чип конденсатор;C0402C104J4RAC; ;0,1 мк; ; ;Kemet; ;0402;X7R; ; ; ;Прочие изделия; ;5
C88;Чип конденсатор;C0402C104J4RAC; ;0,1 мк; ; ;Kemet; ;0402;X7R; ; ; ;Прочие изделия; ;5
C89;Чип конденсатор;C0402C104J4RAC; ;0,1 мк; ; ;Kemet; ;0402;X7R; ; ; ;Прочие изделия; ;5
C90;Чип конденсатор;C0402C104J4RAC; ;0,1 мк; ; ;Kemet; ;0402;X7R; ; ; ;Прочие изделия; ;5
C91;Чип конденсатор;C0402C104J4RAC; ;0,1 мк; ; ;Kemet; ;0402;X7R; ; ; ;Прочие изделия; ;5
C92;Чип конденсатор;C0402C104J4RAC; ;0,1 мк; ; ;Kemet; ;0402;X7R; ; ; ;Прочие изделия; ;5
C93;Чип конденсатор;C0402C104J4RAC; ;0,1 мк; ; ;Kemet; ;0402;X7R; ; ; ;Прочие изделия; ;5
C94;Чип конденсатор;C0402C104J4RAC; ;0,1 мк; ; ;Kemet; ;0402;X7R; ; ; ;Прочие изделия; ;5
C95;Чип конденсатор;C0402C104J4RAC; ;0,1 мк; ; ;Kemet; ;0402;X7R; ; ; ;Прочие изделия; ;5
C96;Чип конденсатор;C0402C104J4RAC; ;0,1 мк; ; ;Kemet; ;0402;X7R; ; ; ;Прочие изделия; ;5
C97;Чип конденсатор;C0402C104J4RAC; ;0,1 мк; ; ;Kemet; ;0402;X7R; ; ; ;Прочие изделия; ;5
C98;Чип конденсатор;C0402C104J4RAC; ;0,1 мк; ; ;Kemet; ;0402;X7R; ; ; ;Прочие изделия; ;5
C99;Чип конденсатор;C0402C104J4RAC; ;0,1 мк; ; ;Kemet; ;0402;X7R; ; ; ;Прочие изделия; ;5
C100;Чип конденсатор;C0402C104J4RAC; ;0,1 мк; ; ;Kemet; ;0402;X7R; ; ; ;Прочие изделия; ;5
C101;Чип конденсатор;C0402C104J4RAC; ;0,1 мк; ; ;Kemet; ;0402;X7R; ; ; ;Прочие изделия; ;5
C102;Чип конденсатор;C0402C104J4RAC; ;0,1 мк; ; ;Kemet; ;0402;X7R; ; ; ;Прочие изделия; ;5
C103;Чип конденсатор;C0402C104J4RAC; ;0,1 мк; ; ;Kemet; ;0402;X7R; ; ; ;Прочие изделия; ;5
C104;Чип конденсатор;C0402C104J4RAC; ;0,1 мк; ; ;Kemet; ;0402;X7R; ; ; ;Прочие изделия; ;5
C105;Чип конденсатор;C0402C104J4RAC; ;0,1 мк; ; ;Kemet; ;0402;X7R; ; ; ;Прочие изделия; ;5
C106;Чип конденсатор;C0402C104J4RAC; ;0,1 мк; ; ;Kemet; ;0402;X7R; ; ; ;Прочие изделия; ;5
C107;Чип конденсатор;C0402C104J4RAC; ;0,1 мк; ; ;Kemet; ;0402;X7R; ; ; ;Прочие изделия; ;5
C108;Чип конденсатор;C0402C104J4RAC; ;0,1 мк; ; ;Kemet; ;0402;X7R; ; ; ;Прочие изделия; ;5
C109;Чип конденсатор;C0402C104J4RAC; ;0,1 мк; ; ;Kemet; ;0402;X7R; ; ; ;Прочие изделия; ;5
C110;Чип конденсатор;C0402C104J4RAC; ;0,1 мк; ; ;Kemet; ;0402;X7R; ; ; ;Прочие изделия; ;5
C111;Чип конденсатор;C0402C104J4RAC; ;0,1 мк; ; ;Kemet; ;0402;X7R; ; ; ;Прочие изделия; ;5
C112;Чип конденсатор;C0402C104J4RAC; ;0,1 мк; ; ;Kemet; ;0402;X7R; ; ; ;Прочие изделия; ;5
C113;Чип конденсатор;C0402C104J4RAC; ;0,1 мк; ; ;Kemet; ;0402;X7R; ; ; ;Прочие изделия; ;5
C114;Чип конденсатор;C0402C104J4RAC; ;0,1 мк; ; ;Kemet; ;0402;X7R; ; ; ;Прочие изделия; ;5
C115;Чип конденсатор;C0402C104J4RAC; ;0,1 мк; ; ;Kemet; ;0402;X7R; ; ; ;Прочие изделия; ;5
C116;Чип конденсатор;C0402C104J4RAC; ;0,1 мк; ; ;Kemet; ;0402;X7R; ; ; ;Прочие изделия; ;5
C117;Чип конденсатор;C0402C104J4RAC; ;0,1 мк; ; ;Kemet; ;0402;X7R; ; ; ;Прочие изделия; ;5
C118;Чип конденсатор;C0402C104J4RAC; ;0,1 мк; ; ;Kemet; ;0402;X7R; ; ; ;Прочие изделия; ;5
C119;Чип конденсатор;C0402C104J4RAC; ;0,1 мк; ; ;Kemet; ;0402;X7R; ; ; ;Прочие изделия; ;5
C120;Чип конденсатор;C0402C104J4RAC; ;0,1 мк; ; ;Kemet; ;0402;X7R; ; ; ;Прочие изделия; ;5
C121;Чип конденсатор;C0402C104J4RAC; ;0,1 мк; ; ;Kemet; ;0402;X7R; ; ; ;Прочие изделия; ;5
C122;Чип конденсатор;C0402C104J4RAC; ;0,1 мк; ; ;Kemet; ;0402;X7R; ; ; ;Прочие изделия; ;5
C123;Чип конденсатор;C0402C104J4RAC; ;0,1 мк; ; ;Kemet; ;0402;X7R; ; ; ;Прочие изделия; ;5
C124;Чип конденсатор;C0402C180J4RAC; ;18; ; ;Kemet; ;0402;X7R; ; ; ;Прочие изделия; ;5
C125;Чип конденсатор;C0402C180J4RAC; ;18; ; ;Kemet; ;0402;X7R; ; ; ;Прочие изделия; ;5
C126;Чип конденсатор;C0402C104J4RAC; ;0,1 мк; ; ;Kemet; ;0402;X7R; ; ; ;Прочие изделия; ;5
C127;Чип конденсатор;C0402C104J4RAC; ;0,1 мк; ; ;Kemet; ;0402;X7R; ; ; ;Прочие изделия; ;5
C128;Чип конденсатор;C0402C104J4RAC; ;0,1 мк; ; ;Kemet; ;0402;X7R; ; ; ;Прочие изделия; ;5
C129;Чип конденсатор;C0402C104J4RAC; ;0,1 мк; ; ;Kemet; ;0402;X7R; ; ; ;Прочие изделия; ;5
C130;Чип конденсатор;C0402C104J4RAC; ;0,1 мк; ; ;Kemet; ;0402;X7R; ; ; ;Прочие изделия; ;5
C131;Чип конденсатор;C0402C104J4RAC; ;0,1 мк; ; ;Kemet; ;0402;X7R; ; ; ;Прочие изделия; ;5
C132;Чип конденсатор;C0402C104J4RAC; ;0,1 мк; ; ;Kemet; ;0402;X7R; ; ; ;Прочие изделия; ;5
C133;Чип конденсатор;C0402C104J4RAC; ;0,1 мк; ; ;Kemet; ;0402;X7R; ; ; ;Прочие изделия; ;5
C134;Чип конденсатор;C0402C104J4RAC; ;0,1 мк; ; ;Kemet; ;0402;X7R; ; ; ;Прочие изделия; ;5
C135;Чип конденсатор;C0402C104J4RAC; ;0,1 мк; ; ;Kemet; ;0402;X7R; ; ; ;Прочие изделия; ;5
C136;Чип конденсатор;C0402C104J4RAC; ;0,1 мк; ; ;Kemet; ;0402;X7R; ; ; ;Прочие изделия; ;5
C137;Чип конденсатор;C0402C104J4RAC; ;0,1 мк; ; ;Kemet; ;0402;X7R; ; ; ;Прочие изделия; ;5
C138;Чип конденсатор;C0402C104J4RAC; ;0,1 мк; ; ;Kemet; ;0402;X7R; ; ; ;Прочие изделия; ;5
C139;Чип конденсатор;C0402C104J4RAC; ;0,1 мк; ; ;Kemet; ;0402;X7R; ; ; ;Прочие изделия; ;5
C140;Чип конденсатор;C0402C104J4RAC; ;0,1 мк; ; ;Kemet; ;0402;X7R; ; ; ;Прочие изделия; ;5
C141;Чип конденсатор;C0402C104J4RAC; ;0,1 мк; ; ;Kemet; ;0402;X7R; ; ; ;Прочие изделия; ;5
C142;Чип конденсатор;C0402C104J4RAC; ;0,1 мк; ; ;Kemet; ;0402;X7R; ; ; ;Прочие изделия; ;5
C143;Чип конденсатор;C0402C104J4RAC; ;0,1 мк; ; ;Kemet; ;0402;X7R; ; ; ;Прочие изделия; ;5
C144;Чип конденсатор;C0402C104J4RAC; ;0,1 мк; ; ;Kemet; ;0402;X7R; ; ; ;Прочие изделия; ;5
C145;Чип конденсатор;C0402C104J4RAC; ;0,1 мк; ; ;Kemet; ;0402;X7R; ; ; ;Прочие изделия; ;5
C146;Чип конденсатор;C0402C104J4RAC; ;0,1 мк; ; ;Kemet; ;0402;X7R; ; ; ;Прочие изделия; ;5
C147;Чип конденсатор;C1206C102KGRAC; ;1000; ; ;Vishay; ;1206;X7R; ; ; ;Прочие изделия; ;10
C148;Чип конденсатор;C1206C102KGRAC; ;1000; ; ;Vishay; ;1206;X7R; ; ; ;Прочие изделия; ;10
C149;Чип конденсатор;C0402C104J4RAC; ;0,1 мк; ; ;Kemet; ;0402;X7R; ; ; ;Прочие изделия; ;5
C150;Чип конденсатор;C0402C104J4RAC; ;0,1 мк; ; ;Kemet; ;0402;X7R; ; ; ;Прочие изделия; ;5
C151;Чип конденсатор;C0402C104J4RAC; ;0,1 мк; ; ;Kemet; ;0402;X7R; ; ; ;Прочие изделия; ;5
C152;Чип конденсатор;C0402C104J4RAC; ;0,1 мк; ; ;Kemet; ;0402;X7R; ; ; ;Прочие изделия; ;5
C153;Чип конденсатор;C0402C104J4RAC; ;0,1 мк; ; ;Kemet; ;0402;X7R; ; ; ;Прочие изделия; ;5
C154;Чип конденсатор;C0402C104J4RAC; ;0,1 мк; ; ;Kemet; ;0402;X7R; ; ; ;Прочие изделия; ;5
C155;Чип конденсатор;C0402C104J4RAC; ;0,1 мк; ; ;Kemet; ;0402;X7R; ; ; ;Прочие изделия; ;5
C156;Чип конденсатор;C0402C104J4RAC; ;0,1 мк; ; ;Kemet; ;0402;X7R; ; ; ;Прочие изделия; ;5
C157;Чип конденсатор;C0402C104J4RAC; ;0,1 мк; ; ;Kemet; ;0402;X7R; ; ; ;Прочие изделия; ;5
C158;Чип конденсатор;C0402C104J4RAC; ;0,1 мк; ; ;Kemet; ;0402;X7R; ; ; ;Прочие изделия; ;5
C159;Чип конденсатор;C0402C104J4RAC; ;0,1 мк; ; ;Kemet; ;0402;X7R; ; ; ;Прочие изделия; ;5
C160;Чип конденсатор;C0402C104J4RAC; ;0,1 мк; ; ;Kemet; ;0402;X7R; ; ; ;Прочие изделия; ;5
C161;Чип конденсатор;C0402C104J4RAC; ;0,1 мк; ; ;Kemet; ;0402;X7R; ; ; ;Прочие изделия; ;5
C162;Чип конденсатор;C0402C104J4RAC; ;0,1 мк; ; ;Kemet; ;0402;X7R; ; ; ;Прочие изделия; ;5
C163;Чип конденсатор;C0402C104J4RAC; ;0,1 мк; ; ;Kemet; ;0402;X7R; ; ; ;Прочие изделия; ;5
C164;Чип конденсатор;C0402C104J4RAC; ;0,1 мк; ; ;Kemet; ;0402;X7R; ; ; ;Прочие изделия; ;5
C165;Чип конденсатор;C0402C104J4RAC; ;0,1 мк; ; ;Kemet; ;0402;X7R; ; ; ;Прочие изделия; ;5
C166;Чип конденсатор;C0402C104J4RAC; ;0,1 мк; ; ;Kemet; ;0402;X7R; ; ; ;Прочие изделия; ;5
C167;Чип конденсатор;C0402C104J4RAC; ;0,1 мк; ; ;Kemet; ;0402;X7R; ; ; ;Прочие изделия; ;5
C168;Чип конденсатор;C0402C104J4RAC; ;0,1 мк; ; ;Kemet; ;0402;X7R; ; ; ;Прочие изделия; ;5
C169;Чип конденсатор;C0402C104J4RAC; ;0,1 мк; ; ;Kemet; ;0402;X7R; ; ; ;Прочие изделия; ;5
C170;Чип конденсатор;C0402C104J4RAC; ;0,1 мк; ; ;Kemet; ;0402;X7R; ; ; ;Прочие изделия; ;5
C171;Чип конденсатор;C0402C104J4RAC; ;0,1 мк; ; ;Kemet; ;0402;X7R; ; ; ;Прочие изделия; ;5
C172;Чип конденсатор;C0402C104J4RAC; ;0,1 мк; ; ;Kemet; ;0402;X7R; ; ; ;Прочие изделия; ;5
C173;Чип конденсатор;C0402C104J4RAC; ;0,1 мк; ; ;Kemet;*;0402;X7R; ; ; ;Прочие изделия; ;5
C174;Чип конденсатор;C0402C104J4RAC; ;0,1 мк; ; ;Kemet;*;0402;X7R; ; ; ;Прочие изделия; ;5
C175;Чип конденсатор;C0402C104J4RAC; ;0,1 мк; ; ;Kemet;*;0402;X7R; ; ; ;Прочие изделия; ;5
C176;Чип конденсатор;C0402C104J4RAC; ;0,1 мк; ; ;Kemet;*;0402;X7R; ; ; ;Прочие изделия; ;5
C177;Чип конденсатор;C0402C104J4RAC; ;0,1 мк; ; ;Kemet;*;0402;X7R; ; ; ;Прочие изделия; ;5
C178;Чип конденсатор;C0402C104J4RAC; ;0,1 мк; ; ;Kemet;*;0402;X7R; ; ; ;Прочие изделия; ;5
C179;Чип конденсатор;C0402C104J4RAC; ;0,1 мк; ; ;Kemet;*;0402;X7R; ; ; ;Прочие изделия; ;5
C180;Чип конденсатор;C0402C104J4RAC; ;0,1 мк; ; ;Kemet;*;0402;X7R; ; ; ;Прочие изделия; ;5
C181;Чип конденсатор;C0402C104J4RAC; ;0,1 мк; ; ;Kemet; ;0402;X7R; ; ; ;Прочие изделия; ;5
C182;Чип конденсатор;C0402C104J4RAC; ;0,1 мк; ; ;Kemet; ;0402;X7R; ; ; ;Прочие изделия; ;5
C183;Чип конденсатор;C0402C104J4RAC; ;0,1 мк; ; ;Kemet; ;0402;X7R; ; ; ;Прочие изделия; ;5
C184;Чип конденсатор;C0402C104J4RAC; ;0,1 мк; ; ;Kemet; ;0402;X7R; ; ; ;Прочие изделия; ;5
C185;Чип конденсатор;C0402C104J4RAC; ;0,1 мк; ; ;Kemet; ;0402;X7R; ; ; ;Прочие изделия; ;5
C186;Чип конденсатор;C0402C104J4RAC; ;0,1 мк; ; ;Kemet; ;0402;X7R; ; ; ;Прочие изделия; ;5
C187;Чип конденсатор;C0402C104J4RAC; ;0,1 мк; ; ;Kemet;*;0402;X7R; ; ; ;Прочие изделия; ;5
C188;Чип конденсатор;C0402C104J4RAC; ;0,1 мк; ; ;Kemet;*;0402;X7R; ; ; ;Прочие изделия; ;5
C189;Чип конденсатор;C0402C104J4RAC; ;0,1 мк; ; ;Kemet;*;0402;X7R; ; ; ;Прочие изделия; ;5
C190;Чип конденсатор;C0402C104J4RAC; ;0,1 мк; ; ;Kemet;*;0402;X7R; ; ; ;Прочие изделия; ;5
C191;Чип конденсатор;C0402C104J4RAC; ;0,1 мк; ; ;Kemet;*;0402;X7R; ; ; ;Прочие изделия; ;5
C192;Чип конденсатор;C0402C104J4RAC; ;0,1 мк; ; ;Kemet;*;0402;X7R; ; ; ;Прочие изделия; ;5
C193;Чип конденсатор;C0402C104J4RAC; ;0,1 мк; ; ;Kemet;*;0402;X7R; ; ; ;Прочие изделия; ;5
C194;Чип конденсатор;C0402C104J4RAC; ;0,1 мк; ; ;Kemet;*;0402;X7R; ; ; ;Прочие изделия; ;5
C195;Чип конденсатор;C0402C104J4RAC; ;0,1 мк; ; ;Kemet;*;0402;X7R; ; ; ;Прочие изделия; ;5
C196;Чип конденсатор;C0402C104J4RAC; ;0,1 мк; ; ;Kemet;*;0402;X7R; ; ; ;Прочие изделия; ;5
C197;Чип конденсатор;C0402C104J4RAC; ;0,1 мк; ; ;Kemet;*;0402;X7R; ; ; ;Прочие изделия; ;5
C198;Чип конденсатор;C0402C104J4RAC; ;0,1 мк; ; ;Kemet;*;0402;X7R; ; ; ;Прочие изделия; ;5
C199;Чип конденсатор;C0402C104J4RAC; ;0,1 мк; ; ;Kemet;*;0402;X7R; ; ; ;Прочие изделия; ;5
C200;Чип конденсатор;C0402C104J4RAC; ;0,1 мк; ; ;Kemet;*;0402;X7R; ; ; ;Прочие изделия; ;5
C201;Чип конденсатор;C1206C106K3RAC; ;10 мк; ; ;Vishay;*;1206;X7R; ; ; ;Прочие изделия; ;10
C202;Чип конденсатор;C0402C104J4RAC; ;0,1 мк; ; ;Kemet;*;0402;X7R; ; ; ;Прочие изделия; ;5
C203;Чип конденсатор;C0402C104J4RAC; ;0,1 мк; ; ;Kemet;*;0402;X7R; ; ; ;Прочие изделия; ;5
C204;Чип конденсатор;C0402C104J4RAC; ;0,1 мк; ; ;Kemet;*;0402;X7R; ; ; ;Прочие изделия; ;5
C205;Чип конденсатор;C1206C106K3RAC; ;10 мк; ; ;Vishay;*;1206;X7R; ; ; ;Прочие изделия; ;10
C206;Чип конденсатор;C0402C104J4RAC; ;0,1 мк; ; ;Kemet;*;0402;X7R; ; ; ;Прочие изделия; ;5
C207;Чип конденсатор;C0402C104J4RAC; ;0,1 мк; ; ;Kemet;*;0402;X7R; ; ; ;Прочие изделия; ;5
C208;Чип конденсатор;C0402C104J4RAC; ;0,1 мк; ; ;Kemet;*;0402;X7R; ; ; ;Прочие изделия; ;5
C209;Чип конденсатор;C0402C104J4RAC; ;0,1 мк; ; ;Kemet;*;0402;X7R; ; ; ;Прочие изделия; ;5
C210;Чип конденсатор;C1206C106K3RAC; ;10 мк; ; ;Vishay;*;1206;X7R; ; ; ;Прочие изделия; ;10
C211;Чип конденсатор;C0402C104J4RAC; ;0,1 мк; ; ;Kemet;*;0402;X7R; ; ; ;Прочие изделия; ;5
C212;Чип конденсатор;C1206C106K3RAC; ;10 мк; ; ;Vishay;*;1206;X7R; ; ; ;Прочие изделия; ;10
C213;Чип конденсатор;C0402C104J4RAC; ;0,1 мк; ; ;Kemet;*;0402;X7R; ; ; ;Прочие изделия; ;5
C214;Чип конденсатор;C0402C104J4RAC; ;0,1 мк; ; ;Kemet;*;0402;X7R; ; ; ;Прочие изделия; ;5
C215;Чип конденсатор;C1206C106K3RAC; ;10 мк; ; ;Vishay;*;1206;X7R; ; ; ;Прочие изделия; ;10
C216;Чип конденсатор;C0402C104J4RAC; ;0,1 мк; ; ;Kemet;*;0402;X7R; ; ; ;Прочие изделия; ;5
C217;Чип конденсатор;C1206C106K3RAC; ;10 мк; ; ;Vishay;*;1206;X7R; ; ; ;Прочие изделия; ;10
C218;Конденсатор танталовый;T58MM106M6R3C0300; ;10 мк; ; ;Vishay;*;0603; ; ; ; ; ; ;20
C219;Чип конденсатор;C0402C180J4RAC; ;18; ; ;Kemet;*;0402;X7R; ; ; ;Прочие изделия; ;5
C220;Чип конденсатор;C1206C106K3RAC; ;10 мк; ; ;Vishay;*;1206;X7R; ; ; ;Прочие изделия; ;10
C221;Конденсатор танталовый;T58MM106M6R3C0300; ;10 мк; ; ;Vishay;*;0603; ; ; ; ; ; ;20
C222;Чип конденсатор;C1206C106K3RAC; ;10 мк; ; ;Vishay;*;1206;X7R; ; ; ;Прочие изделия; ;10
C223;Чип конденсатор;C0402C180J4RAC; ;18; ; ;Kemet;*;0402;X7R; ; ; ;Прочие изделия; ;5
C224;Чип конденсатор;C1206C106K3RAC; ;10 мк; ; ;Vishay;*;1206;X7R; ; ; ;Прочие изделия; ;10
C225;Чип конденсатор;C0402C104J4RAC; ;0,1 мк; ; ;Kemet;*;0402;X7R; ; ; ;Прочие изделия; ;5
C226;Чип конденсатор;C0402C104J4RAC; ;0,1 мк; ; ;Kemet;*;0402;X7R; ; ; ;Прочие изделия; ;5
C227;Чип конденсатор;C0402C104J4RAC; ;0,1 мк; ; ;Kemet;*;0402;X7R; ; ; ;Прочие изделия; ;5
C228;Чип конденсатор;C0402C104J4RAC; ;0,1 мк; ; ;Kemet;*;0402;X7R; ; ; ;Прочие изделия; ;5
C229;Чип конденсатор;C0402C104J4RAC; ;0,1 мк; ; ;Kemet;*;0402;X7R; ; ; ;Прочие изделия; ;5
C230;Чип конденсатор;C0402C104J4RAC; ;0,1 мк; ; ;Kemet;*;0402;X7R; ; ; ;Прочие изделия; ;5
C231;Чип конденсатор;C0402C104J4RAC; ;0,1 мк; ; ;Kemet;*;0402;X7R; ; ; ;Прочие изделия; ;5
C232;Чип конденсатор;C0402C104J4RAC; ;0,1 мк; ; ;Kemet;*;0402;X7R; ; ; ;Прочие изделия; ;5
C233;Чип конденсатор;C1206C106K3RAC; ;10 мк; ; ;Vishay;*;1206;X7R; ; ; ;Прочие изделия; ;10
C234;Чип конденсатор;C0402C393J4RAC; ;0,039 мк; ; ;Kemet;*;0402;X7R; ; ; ;Прочие изделия; ;5
C235;Чип конденсатор;C0402C104J4RAC; ;0,1 мк; ; ;Kemet;*;0402;X7R; ; ; ;Прочие изделия; ;5
C236;Чип конденсатор;C0402C104J4RAC; ;0,1 мк; ; ;Kemet;*;0402;X7R; ; ; ;Прочие изделия; ;5
C237;Чип конденсатор;C0402C104J4RAC; ;0,1 мк; ; ;Kemet;*;0402;X7R; ; ; ;Прочие изделия; ;5
C238;Чип конденсатор;C0402C104J4RAC; ;0,1 мк; ; ;Kemet;*;0402;X7R; ; ; ;Прочие изделия; ;5
C239;Чип конденсатор;C1206C106K3RAC; ;10 мк; ; ;Vishay;*;1206;X7R; ; ; ;Прочие изделия; ;10
C240;Чип конденсатор;C1206C106K3RAC; ;10 мк; ; ;Vishay;*;1206;X7R; ; ; ;Прочие изделия; ;10
C241;Конденсатор танталовый;T58MM106M6R3C0300; ;10 мк; ; ;Vishay;*;0603; ; ; ; ; ; ;20
C242;Чип конденсатор;C0402C104J4RAC; ;0,1 мк; ; ;Kemet;*;0402;X7R; ; ; ;Прочие изделия; ;5
C243;Чип конденсатор;C0402C180J4RAC; ;18; ; ;Kemet; ;0402;X7R; ; ; ;Прочие изделия; ;5
C244;Чип конденсатор;C0402C104J4RAC; ;0,1 мк; ; ;Kemet; ;0402;X7R; ; ; ;Прочие изделия; ;5
C245;Чип конденсатор;C0402C104J4RAC; ;0,1 мк; ; ;Kemet; ;0402;X7R; ; ; ;Прочие изделия; ;5
C246;Чип конденсатор;C0402C104J4RAC; ;0,1 мк; ; ;Kemet; ;0402;X7R; ; ; ;Прочие изделия; ;5
C247;Чип конденсатор;C0402C104J4RAC; ;0,1 мк; ; ;Kemet; ;0402;X7R; ; ; ;Прочие изделия; ;5
C248;Чип конденсатор;C0402C104J4RAC; ;0,1 мк; ; ;Kemet; ;0402;X7R; ; ; ;Прочие изделия; ;5
C249;Чип конденсатор;C0402C104J4RAC; ;0,1 мк; ; ;Kemet; ;0402;X7R; ; ; ;Прочие изделия; ;5
C250;Чип конденсатор;C0805C475K4RAC; ;4,7 мк; ; ;Kemet; ;0805;X7R; ; ; ;Прочие изделия; ;10
C251;Чип конденсатор;C0402C180J4RAC; ;18; ; ;Kemet; ;0402;X7R; ; ; ;Прочие изделия; ;5
C252;Чип конденсатор;C0402C104J4RAC; ;0,1 мк; ; ;Kemet; ;0402;X7R; ; ; ;Прочие изделия; ;5
C253;Чип конденсатор;C0402C104J4RAC; ;0,1 мк; ; ;Kemet; ;0402;X7R; ; ; ;Прочие изделия; ;5
C254;Чип конденсатор;C0402C104J4RAC; ;0,1 мк; ; ;Kemet; ;0402;X7R; ; ; ;Прочие изделия; ;5
C255;Чип конденсатор;C0402C104J4RAC; ;0,1 мк; ; ;Kemet; ;0402;X7R; ; ; ;Прочие изделия; ;5
C256;Чип конденсатор;C0402C104J4RAC; ;0,1 мк; ; ;Kemet; ;0402;X7R; ; ; ;Прочие изделия; ;5
DA1;Микросхема;MMPF0100NPANES; ; ; ; ;NXP; ;QFN-56-EPAD; ; ; ; ; ; ; 
DA2;Микросхема;LT3995IMSE#PBF; ; ; ; ;Linear; ;MSOP-16-EPAD; ; ; ; ; ; ; 
DD1;Микросхема;TPS3808G01DBVRG4; ; ; ; ;Texas Instruments; ;SOT-23-6; ; ; ; ; ; ; 
DD2;Микросхема;SN74LVC1G11DCKREP; ; ; ; ;Texas Instruments; ;SC70-6; ; ; ; ; ; ; 
DD3;Микросхема;LTC4303IMS8; ; ; ; ;Linear;*;MSOP-8; ; ; ; ; ; ; 
DD4;Микросхема;88E6097-A2-TAH1I000; ; ; ; ;Marvell; ;TQFP-176-EPAD; ; ; ; ; ; ; 
DD5;Микросхема;AT93C66B-XHM-T; ; ; ; ;Atmel; ;TSSOP-8; ; ; ; ; ; ; 
DD6;Микросхема;88E6097-A2-TAH1I000; ; ; ; ;Marvell; ;TQFP-176-EPAD; ; ; ; ; ; ; 
DD7;Микросхема;AT93C66B-XHM-T; ; ; ; ;Atmel; ;TSSOP-8; ; ; ; ; ; ; 
DD8;Микросхема;I210-IS; ; ; ; ;Intel;*;QFN-64-EPAD; ; ; ; ; ; ; 
DD9;Микросхема;SST25VF040B-50-4I-SAE; ; ; ; ;Microchip;*;SOIC-8; ; ; ; ; ; ; 
DD10;Микросхема;MK22FX512AVLH12; ; ; ; ;NXP; ;LQFP-48; ; ; ; ; ; ; 
DD11;Микросхема;LTC4303IMS8; ; ; ; ;Linear; ;MSOP-8; ; ; ; ; ; ; 
DD12;Микросхема;AT24C32E-XHM-T; ; ; ; ;Atmel; ;TSSOP-8; ; ; ; ; ; ; 
DD13;Микросхема;TMP100MDBVREP; ; ; ; ;Texas Instruments; ;SOT-23-6; ; ; ; ; ; ; 
DD14;Микросхема;TMP100MDBVREP; ; ; ; ;Texas Instruments; ;SOT-23-6; ; ; ; ; ; ; 
F1;Устройство защиты;SP0504SHTG; ; ; ; ;Littlefuse; ;SOT-23-6; ; ; ; ; ; ; 
F2;Устройство защиты;SP0504SHTG; ; ; ; ;Littlefuse;*;SOT-23-6; ; ; ; ; ; ; 
F3;Устройство защиты;SP0504SHTG; ; ; ; ;Littlefuse; ;SOT-23-6; ; ; ; ; ; ; 
F4;Устройство защиты;SP0504SHTG; ; ; ; ;Littlefuse; ;SOT-23-6; ; ; ; ; ; ; 
F5;Устройство защиты;SP0504SHTG; ; ; ; ;Littlefuse; ;SOT-23-6; ; ; ; ; ; ; 
F6;Устройство защиты;SP0504SHTG; ; ; ; ;Littlefuse; ;SOT-23-6; ; ; ; ; ; ; 
F7;Устройство защиты;SP0504SHTG; ; ; ; ;Littlefuse; ;SOT-23-6; ; ; ; ; ; ; 
F8;Устройство защиты;SP0504SHTG; ; ; ; ;Littlefuse; ;SOT-23-6; ; ; ; ; ; ; 
F9;Устройство защиты;SP0504SHTG; ; ; ; ;Littlefuse; ;SOT-23-6; ; ; ; ; ; ; 
F10;Устройство защиты;SP0504SHTG; ; ; ; ;Littlefuse; ;SOT-23-6; ; ; ; ; ; ; 
F11;Устройство защиты;SP0504SHTG; ; ; ; ;Littlefuse; ;SOT-23-6; ; ; ; ; ; ; 
F12;Устройство защиты;SP0504SHTG; ; ; ; ;Littlefuse; ;SOT-23-6; ; ; ; ; ; ; 
F13;Устройство защиты;SP0504SHTG; ; ; ; ;Littlefuse; ;SOT-23-6; ; ; ; ; ; ; 
F14;Устройство защиты;SP0504SHTG; ; ; ; ;Littlefuse; ;SOT-23-6; ; ; ; ; ; ; 
F15;Устройство защиты;SP0504SHTG; ; ; ; ;Littlefuse; ;SOT-23-6; ; ; ; ; ; ; 
F16;Устройство защиты;SP0504SHTG; ; ; ; ;Littlefuse; ;SOT-23-6; ; ; ; ; ; ; 
FU1;Предохранитель;SF-0603S100-2; ;1 А; ; ;Bourns; ;0603; ; ; ; ; ; ; 
FU2;Предохранитель;SF-0603S250-2; ;2,5 А; ; ;Bourns; ;0603; ; ; ; ; ; ; 
HL1;Светодиод;BL-HG036D-TRB; ;Зелёный; ; ;Bright LED; ;0603; ; ; ; ; ; ; 
HL2;Светодиод;BL-HG036D-TRB; ;Зелёный; ; ;Bright LED; ;0603; ; ; ; ; ; ; 
HL3;Светодиод;BL-HG036D-TRB; ;Зелёный; ; ;Bright LED; ;0603; ; ; ; ; ; ; 
HL4;Светодиод;BL-HG036D-TRB; ;Зелёный; ; ;Bright LED; ;0603; ; ; ; ; ; ; 
HL5;Светодиод;BL-HG036D-TRB; ;Зелёный; ; ;Bright LED; ;0603; ; ; ; ; ; ; 
HL6;Светодиод;BL-HG036D-TRB; ;Зелёный; ; ;Bright LED; ;0603; ; ; ; ; ; ; 
HL7;Светодиод;BL-HG036D-TRB; ;Зелёный; ; ;Bright LED; ;0603; ; ; ; ; ; ; 
HL8;Светодиод;BL-HG036D-TRB; ;Зелёный; ; ;Bright LED; ;0603; ; ; ; ; ; ; 
HL9;Светодиод;BL-HG036D-TRB; ;Зелёный; ; ;Bright LED; ;0603; ; ; ; ; ; ; 
HL10;Светодиод;BL-HG036D-TRB; ;Зелёный; ; ;Bright LED; ;0603; ; ; ; ; ; ; 
HL11;Светодиод;BL-HG036D-TRB; ;Зелёный; ; ;Bright LED; ;0603; ; ; ; ; ; ; 
HL12;Светодиод;BL-HG036D-TRB; ;Зелёный; ; ;Bright LED; ;0603; ; ; ; ; ; ; 
HL13;Светодиод;BL-HG036D-TRB; ;Зелёный; ; ;Bright LED; ;0603; ; ; ; ; ; ; 
HL14;Светодиод;BL-HG036D-TRB; ;Зелёный; ; ;Bright LED; ;0603; ; ; ; ; ; ; 
HL15;Светодиод;BL-HG036D-TRB; ;Зелёный; ; ;Bright LED; ;0603; ; ; ; ; ; ; 
HL16;Светодиод;BL-HG036D-TRB; ;Зелёный; ; ;Bright LED; ;0603; ; ; ; ; ; ; 
HL17;Светодиод;BL-HG036D-TRB; ;Зелёный; ; ;Bright LED; ;0603; ; ; ; ; ; ; 
HL18;Индикатор (двухуровневый);L-4060VH/2GD; ;Зелёный; ; ;Kingbright;*;DIP-4; ; ; ; ; ; ; 
HL19;Индикатор (двухуровневый);L-4060VH/2GD; ;Зелёный; ; ;Kingbright;*;DIP-4; ; ; ; ; ; ; 
HL20;Светодиод;BL-HG036D-TRB; ;Зелёный; ; ;Bright LED;*;0603; ; ; ; ; ; ; 
HL21;Индикатор (двухуровневый);L-4060VH/2GD; ;Зелёный; ; ;Kingbright;*;DIP-4; ; ; ; ; ; ; 
HL22;Светодиод;BL-HG036D-TRB; ;Зелёный; ; ;Bright LED; ;0603; ; ; ; ; ; ; 
L1;Дроссель;XAL4020-102MEB; ;1 мк; ; ;Coilcraft; ;SMD 4x4; ; ; ; ; ; ; 
L2;Дроссель;XAL4020-102MEB; ;1 мк; ; ;Coilcraft; ;SMD 4x4; ; ; ; ; ; ; 
L3;Дроссель;XAL5050-822MEB; ;8,2 мк; ; ;Coilcraft; ;SMD 5,48x5,28; ; ; ; ; ; ; 
R1;Чип резистор;CRCW040210K0JKED; ;10 к; ; ;Vishay; ;0402;100 ppm/K; ; ; ; ; ;5
R2;Чип резистор;CRCW040210K0JKED; ;10 к; ; ;Vishay; ;0402;100 ppm/K; ; ; ; ; ;5
R3;Чип резистор;CRCW04020000Z0ED; ;0; ; ;Vishay; ;0402; ; ; ; ; ; ; 
R4;Чип резистор;CRCW04020000Z0ED; ;0; ; ;Vishay; ;0402; ; ; ; ; ; ; 
R5;Чип резистор;CRCW04020000Z0ED; ;0; ; ;Vishay; ;0402; ; ; ; ; ; ; 
R6;Чип резистор;CRCW04020000Z0ED; ;0; ; ;Vishay; ;0402; ; ; ; ; ; ; 
R7;Чип резистор;CRCW04020000Z0ED; ;0; ; ;Vishay; ;0402; ; ; ; ; ; ; 
R8;Чип резистор;CRCW04020000Z0ED; ;0; ; ;Vishay; ;0402; ; ; ; ; ; ; 
R9;Чип резистор;CRCW04020000Z0ED; ;0; ; ;Vishay; ;0402; ; ; ; ; ; ; 
R10;Чип резистор;CRCW0402100KFKED; ;100 к; ; ;Vishay; ;0402;100 ppm/K; ; ; ; ; ;1
R11;Чип резистор;CRCW0402330RJKED; ;330; ; ;Vishay; ;0402;100 ppm/K; ; ; ; ; ;5
R12;Чип резистор;CRCW04021K62FKED; ;1,62 к; ; ;Vishay; ;0402;100 ppm/K; ; ; ; ; ;1
R13;Чип резистор;CRCW04020000Z0ED; ;0; ; ;Vishay;*;0402; ; ; ; ; ; ; 
R14;Чип резистор;CRCW0402182KFKED; ;182 к; ; ;Vishay; ;0402;100 ppm/K; ; ; ; ; ;1
R15;Чип резистор;CRCW04020000Z0ED; ;0; ; ;Vishay; ;0402; ; ; ; ; ; ; 
R16;Чип резистор;CRCW040210K0JKED; ;10 к; ; ;Vishay; ;0402;100 ppm/K; ; ; ; ; ;5
R17;Чип резистор;CRCW0402576KFKED; ;576 к; ; ;Vishay; ;0402;100 ppm/K; ; ; ; ; ;1
R18;Чип резистор;CRCW04021M00FKED; ;1 М; ; ;Vishay; ;0402;100 ppm/K; ; ; ; ; ;1
R19;Чип резистор;CRCW04020000Z0ED; ;0; ; ;Vishay; ;0402; ; ; ; ; ; ; 
R20;Чип резистор;CRCW0402330RJKED; ;330; ; ;Vishay; ;0402;100 ppm/K; ; ; ; ; ;5
R21;Чип резистор;CRCW0402100KFKED; ;100 к; ; ;Vishay; ;0402;100 ppm/K; ; ; ; ; ;1
R22;Чип резистор;CRCW04020000Z0ED; ;0; ; ;Vishay; ;0402; ; ; ; ; ; ; 
R23;Чип резистор;CRCW04020000Z0ED; ;0; ; ;Vishay; ;0402; ; ; ; ; ; ; 
R24;Чип резистор;CRCW04020000Z0ED; ;0; ; ;Vishay;*;0402; ; ; ; ; ; ; 
R25;Чип резистор;CRCW04020000Z0ED; ;0; ; ;Vishay;*;0402; ; ; ; ; ; ; 
R26;Чип резистор;CRCW040210K0JKED; ;10 к; ; ;Vishay;*;0402;100 ppm/K; ; ; ; ; ;5
R27;Чип резистор;CRCW040210K0JKED; ;10 к; ; ;Vishay;*;0402;100 ppm/K; ; ; ; ; ;5
R28;Чип резистор;CRCW04020000Z0ED; ;0; ; ;Vishay;*;0402; ; ; ; ; ; ; 
R29;Чип резистор;CRCW04020000Z0ED; ;0; ; ;Vishay;*;0402; ; ; ; ; ; ; 
R30;Чип резистор;CRCW040210K0JKED; ;10 к; ; ;Vishay; ;0402;100 ppm/K; ; ; ; ; ;5
R31;Чип резистор;CRCW040210K0JKED; ;10 к; ; ;Vishay; ;0402;100 ppm/K; ; ; ; ; ;5
R32;Чип резистор;CRCW04020000Z0ED; ;0; ; ;Vishay;*;0402; ; ; ; ; ; ; 
R33;Чип резистор;CRCW04020000Z0ED; ;0; ; ;Vishay; ;0402; ; ; ; ; ; ; 
R34;Чип резистор;CRCW040210K0JKED; ;10 к; ; ;Vishay; ;0402;100 ppm/K; ; ; ; ; ;5
R35;Чип резистор;CRCW04020000Z0ED; ;0; ; ;Vishay;*;0402; ; ; ; ; ; ; 
R36;Чип резистор;CRCW040210K0JKED; ;10 к; ; ;Vishay; ;0402;100 ppm/K; ; ; ; ; ;5
R37;Чип резистор;CRCW04020000Z0ED; ;0; ; ;Vishay;*;0402; ; ; ; ; ; ; 
R38;Чип резистор;CRCW040210K0JKED; ;10 к; ; ;Vishay; ;0402;100 ppm/K; ; ; ; ; ;5
R39;Чип резистор;CRCW040210K0JKED; ;10 к; ; ;Vishay; ;0402;100 ppm/K; ; ; ; ; ;5
R40;Чип резистор;CRCW04022K00FKED; ;2 к; ; ;Vishay; ;0402;100 ppm/K; ; ; ; ; ;1
R41;Чип резистор;CRCW040210K0JKED; ;10 к; ; ;Vishay; ;0402;100 ppm/K; ; ; ; ; ;5
R42;Чип резистор;CRCW040210K0JKED; ;10 к; ; ;Vishay;*;0402;100 ppm/K; ; ; ; ; ;5
R43;Чип резистор;CRCW040210K0JKED; ;10 к; ; ;Vishay;*;0402;100 ppm/K; ; ; ; ; ;5
R44;Чип резистор;CRCW060375R0FKED; ;75; ; ;Vishay; ;0603;100 ppm/K; ; ; ; ; ;1
R45;Чип резистор;CRCW060375R0FKED; ;75; ; ;Vishay; ;0603;100 ppm/K; ; ; ; ; ;1
R46;Чип резистор;CRCW0402330RJKED; ;330; ; ;Vishay; ;0402;100 ppm/K; ; ; ; ; ;5
R47;Чип резистор;CRCW0402330RJKED; ;330; ; ;Vishay; ;0402;100 ppm/K; ; ; ; ; ;5
R48;Чип резистор;CRCW0402330RJKED; ;330; ; ;Vishay; ;0402;100 ppm/K; ; ; ; ; ;5
R49;Чип резистор;CRCW0402330RJKED; ;330; ; ;Vishay; ;0402;100 ppm/K; ; ; ; ; ;5
R50;Чип резистор;CRCW0402330RJKED; ;330; ; ;Vishay; ;0402;100 ppm/K; ; ; ; ; ;5
R51;Чип резистор;CRCW0402330RJKED; ;330; ; ;Vishay; ;0402;100 ppm/K; ; ; ; ; ;5
R52;Чип резистор;CRCW0402330RJKED; ;330; ; ;Vishay; ;0402;100 ppm/K; ; ; ; ; ;5
R53;Чип резистор;CRCW0402330RJKED; ;330; ; ;Vishay; ;0402;100 ppm/K; ; ; ; ; ;5
R54;Чип резистор;CRCW060375R0FKED; ;75; ; ;Vishay; ;0603;100 ppm/K; ; ; ; ; ;1
R55;Чип резистор;CRCW060375R0FKED; ;75; ; ;Vishay; ;0603;100 ppm/K; ; ; ; ; ;1
R56;Чип резистор;CRCW060375R0FKED; ;75; ; ;Vishay; ;0603;100 ppm/K; ; ; ; ; ;1
R57;Чип резистор;CRCW060375R0FKED; ;75; ; ;Vishay; ;0603;100 ppm/K; ; ; ; ; ;1
R58;Чип резистор;CRCW060375R0FKED; ;75; ; ;Vishay; ;0603;100 ppm/K; ; ; ; ; ;1
R59;Чип резистор;CRCW060375R0FKED; ;75; ; ;Vishay; ;0603;100 ppm/K; ; ; ; ; ;1
R60;Чип резистор;CRCW1206510KJKED; ;510 к; ; ;Vishay; ;1206;100 ppm/K; ; ; ; ; ;5
R61;Чип резистор;CRCW1206510KJKED; ;510 к; ; ;Vishay; ;1206;100 ppm/K; ; ; ; ; ;5
R62;Чип резистор;CRCW040249R9FKED; ;49,9; ; ;Vishay; ;0402;100 ppm/K; ; ; ; ; ;1
R63;Чип резистор;CRCW040249R9FKED; ;49,9; ; ;Vishay; ;0402;100 ppm/K; ; ; ; ; ;1
R64;Чип резистор;CRCW040249R9FKED; ;49,9; ; ;Vishay; ;0402;100 ppm/K; ; ; ; ; ;1
R65;Чип резистор;CRCW040249R9FKED; ;49,9; ; ;Vishay; ;0402;100 ppm/K; ; ; ; ; ;1
R66;Чип резистор;CRCW040249R9FKED; ;49,9; ; ;Vishay; ;0402;100 ppm/K; ; ; ; ; ;1
R67;Чип резистор;CRCW040249R9FKED; ;49,9; ; ;Vishay; ;0402;100 ppm/K; ; ; ; ; ;1
R68;Чип резистор;CRCW040249R9FKED; ;49,9; ; ;Vishay; ;0402;100 ppm/K; ; ; ; ; ;1
R69;Чип резистор;CRCW040249R9FKED; ;49,9; ; ;Vishay; ;0402;100 ppm/K; ; ; ; ; ;1
R70;Чип резистор;CRCW040249R9FKED; ;49,9; ; ;Vishay; ;0402;100 ppm/K; ; ; ; ; ;1
R71;Чип резистор;CRCW040249R9FKED; ;49,9; ; ;Vishay; ;0402;100 ppm/K; ; ; ; ; ;1
R72;Чип резистор;CRCW040249R9FKED; ;49,9; ; ;Vishay; ;0402;100 ppm/K; ; ; ; ; ;1
R73;Чип резистор;CRCW040249R9FKED; ;49,9; ; ;Vishay; ;0402;100 ppm/K; ; ; ; ; ;1
R74;Чип резистор;CRCW040249R9FKED; ;49,9; ; ;Vishay; ;0402;100 ppm/K; ; ; ; ; ;1
R75;Чип резистор;CRCW040249R9FKED; ;49,9; ; ;Vishay; ;0402;100 ppm/K; ; ; ; ; ;1
R76;Чип резистор;CRCW040249R9FKED; ;49,9; ; ;Vishay; ;0402;100 ppm/K; ; ; ; ; ;1
R77;Чип резистор;CRCW040249R9FKED; ;49,9; ; ;Vishay; ;0402;100 ppm/K; ; ; ; ; ;1
R78;Чип резистор;CRCW040249R9FKED; ;49,9; ; ;Vishay; ;0402;100 ppm/K; ; ; ; ; ;1
R79;Чип резистор;CRCW040249R9FKED; ;49,9; ; ;Vishay; ;0402;100 ppm/K; ; ; ; ; ;1
R80;Чип резистор;CRCW040249R9FKED; ;49,9; ; ;Vishay; ;0402;100 ppm/K; ; ; ; ; ;1
R81;Чип резистор;CRCW040249R9FKED; ;49,9; ; ;Vishay; ;0402;100 ppm/K; ; ; ; ; ;1
R82;Чип резистор;CRCW040249R9FKED; ;49,9; ; ;Vishay; ;0402;100 ppm/K; ; ; ; ; ;1
R83;Чип резистор;CRCW040249R9FKED; ;49,9; ; ;Vishay; ;0402;100 ppm/K; ; ; ; ; ;1
R84;Чип резистор;CRCW040249R9FKED; ;49,9; ; ;Vishay; ;0402;100 ppm/K; ; ; ; ; ;1
R85;Чип резистор;CRCW040249R9FKED; ;49,9; ; ;Vishay; ;0402;100 ppm/K; ; ; ; ; ;1
R86;Чип резистор;CRCW040249R9FKED; ;49,9; ; ;Vishay; ;0402;100 ppm/K; ; ; ; ; ;1
R87;Чип резистор;CRCW040249R9FKED; ;49,9; ; ;Vishay; ;0402;100 ppm/K; ; ; ; ; ;1
R88;Чип резистор;CRCW040249R9FKED; ;49,9; ; ;Vishay; ;0402;100 ppm/K; ; ; ; ; ;1
R89;Чип резистор;CRCW040249R9FKED; ;49,9; ; ;Vishay; ;0402;100 ppm/K; ; ; ; ; ;1
R90;Чип резистор;CRCW040249R9FKED; ;49,9; ; ;Vishay; ;0402;100 ppm/K; ; ; ; ; ;1
R91;Чип резистор;CRCW040249R9FKED; ;49,9; ; ;Vishay; ;0402;100 ppm/K; ; ; ; ; ;1
R92;Чип резистор;CRCW040249R9FKED; ;49,9; ; ;Vishay; ;0402;100 ppm/K; ; ; ; ; ;1
R93;Чип резистор;CRCW040249R9FKED; ;49,9; ; ;Vishay; ;0402;100 ppm/K; ; ; ; ; ;1
R94;Чип резистор;CRCW04020000Z0ED; ;0; ; ;Vishay; ;0402; ; ; ; ; ; ; 
R95;Чип резистор;CRCW040210K0JKED; ;10 к; ; ;Vishay; ;0402;100 ppm/K; ; ; ; ; ;5
R96;Чип резистор;CRCW04020000Z0ED; ;0; ; ;Vishay; ;0402; ; ; ; ; ; ; 
R97;Чип резистор;CRCW040210K0JKED; ;10 к; ; ;Vishay; ;0402;100 ppm/K; ; ; ; ; ;5
R98;Чип резистор;CRCW04020000Z0ED; ;0; ; ;Vishay;*;0402; ; ; ; ; ; ; 
R99;Чип резистор;CRCW040210K0JKED; ;10 к; ; ;Vishay; ;0402;100 ppm/K; ; ; ; ; ;5
R100;Чип резистор;CRCW04020000Z0ED; ;0; ; ;Vishay;*;0402; ; ; ; ; ; ; 
R101;Чип резистор;CRCW040210K0JKED; ;10 к; ; ;Vishay; ;0402;100 ppm/K; ; ; ; ; ;5
R102;Чип резистор;CRCW040210K0JKED; ;10 к; ; ;Vishay; ;0402;100 ppm/K; ; ; ; ; ;5
R103;Чип резистор;CRCW040210K0JKED; ;10 к; ; ;Vishay; ;0402;100 ppm/K; ; ; ; ; ;5
R104;Чип резистор;CRCW040210K0JKED; ;10 к; ; ;Vishay; ;0402;100 ppm/K; ; ; ; ; ;5
R105;Чип резистор;CRCW040210K0JKED; ;10 к; ; ;Vishay; ;0402;100 ppm/K; ; ; ; ; ;5
R106;Чип резистор;CRCW04020000Z0ED; ;0; ; ;Vishay;*;0402; ; ; ; ; ; ; 
R107;Чип резистор;CRCW040210K0JKED; ;10 к; ; ;Vishay; ;0402;100 ppm/K; ; ; ; ; ;5
R108;Чип резистор;CRCW04020000Z0ED; ;0; ; ;Vishay; ;0402; ; ; ; ; ; ; 
R109;Чип резистор;CRCW04020000Z0ED; ;0; ; ;Vishay;*;0402; ; ; ; ; ; ; 
R110;Чип резистор;CRCW04020000Z0ED; ;0; ; ;Vishay;*;0402; ; ; ; ; ; ; 
R111;Чип резистор;CRCW040210K0JKED; ;10 к; ; ;Vishay; ;0402;100 ppm/K; ; ; ; ; ;5
R112;Чип резистор;CRCW04022K00FKED; ;2 к; ; ;Vishay; ;0402;100 ppm/K; ; ; ; ; ;1
R113;Чип резистор;CRCW040210K0JKED; ;10 к; ; ;Vishay;*;0402;100 ppm/K; ; ; ; ; ;5
R114;Чип резистор;CRCW040210K0JKED; ;10 к; ; ;Vishay;*;0402;100 ppm/K; ; ; ; ; ;5
R115;Чип резистор;CRCW060375R0FKED; ;75; ; ;Vishay; ;0603;100 ppm/K; ; ; ; ; ;1
R116;Чип резистор;CRCW060375R0FKED; ;75; ; ;Vishay; ;0603;100 ppm/K; ; ; ; ; ;1
R117;Чип резистор;CRCW060375R0FKED; ;75; ; ;Vishay; ;0603;100 ppm/K; ; ; ; ; ;1
R118;Чип резистор;CRCW060375R0FKED; ;75; ; ;Vishay; ;0603;100 ppm/K; ; ; ; ; ;1
R119;Чип резистор;CRCW0402330RJKED; ;330; ; ;Vishay; ;0402;100 ppm/K; ; ; ; ; ;5
R120;Чип резистор;CRCW0402330RJKED; ;330; ; ;Vishay; ;0402;100 ppm/K; ; ; ; ; ;5
R121;Чип резистор;CRCW0402330RJKED; ;330; ; ;Vishay; ;0402;100 ppm/K; ; ; ; ; ;5
R122;Чип резистор;CRCW0402330RJKED; ;330; ; ;Vishay; ;0402;100 ppm/K; ; ; ; ; ;5
R123;Чип резистор;CRCW0402330RJKED; ;330; ; ;Vishay; ;0402;100 ppm/K; ; ; ; ; ;5
R124;Чип резистор;CRCW0402330RJKED; ;330; ; ;Vishay; ;0402;100 ppm/K; ; ; ; ; ;5
R125;Чип резистор;CRCW0402330RJKED; ;330; ; ;Vishay; ;0402;100 ppm/K; ; ; ; ; ;5
R126;Чип резистор;CRCW0402330RJKED; ;330; ; ;Vishay; ;0402;100 ppm/K; ; ; ; ; ;5
R127;Чип резистор;CRCW060375R0FKED; ;75; ; ;Vishay; ;0603;100 ppm/K; ; ; ; ; ;1
R128;Чип резистор;CRCW060375R0FKED; ;75; ; ;Vishay; ;0603;100 ppm/K; ; ; ; ; ;1
R129;Чип резистор;CRCW060375R0FKED; ;75; ; ;Vishay; ;0603;100 ppm/K; ; ; ; ; ;1
R130;Чип резистор;CRCW060375R0FKED; ;75; ; ;Vishay; ;0603;100 ppm/K; ; ; ; ; ;1
R131;Чип резистор;CRCW1206510KJKED; ;510 к; ; ;Vishay; ;1206;100 ppm/K; ; ; ; ; ;5
R132;Чип резистор;CRCW1206510KJKED; ;510 к; ; ;Vishay; ;1206;100 ppm/K; ; ; ; ; ;5
R133;Чип резистор;CRCW040249R9FKED; ;49,9; ; ;Vishay; ;0402;100 ppm/K; ; ; ; ; ;1
R134;Чип резистор;CRCW040249R9FKED; ;49,9; ; ;Vishay; ;0402;100 ppm/K; ; ; ; ; ;1
R135;Чип резистор;CRCW040249R9FKED; ;49,9; ; ;Vishay; ;0402;100 ppm/K; ; ; ; ; ;1
R136;Чип резистор;CRCW040249R9FKED; ;49,9; ; ;Vishay; ;0402;100 ppm/K; ; ; ; ; ;1
R137;Чип резистор;CRCW040249R9FKED; ;49,9; ; ;Vishay; ;0402;100 ppm/K; ; ; ; ; ;1
R138;Чип резистор;CRCW040249R9FKED; ;49,9; ; ;Vishay; ;0402;100 ppm/K; ; ; ; ; ;1
R139;Чип резистор;CRCW040249R9FKED; ;49,9; ; ;Vishay; ;0402;100 ppm/K; ; ; ; ; ;1
R140;Чип резистор;CRCW040249R9FKED; ;49,9; ; ;Vishay; ;0402;100 ppm/K; ; ; ; ; ;1
R141;Чип резистор;CRCW040249R9FKED; ;49,9; ; ;Vishay; ;0402;100 ppm/K; ; ; ; ; ;1
R142;Чип резистор;CRCW040249R9FKED; ;49,9; ; ;Vishay; ;0402;100 ppm/K; ; ; ; ; ;1
R143;Чип резистор;CRCW040249R9FKED; ;49,9; ; ;Vishay; ;0402;100 ppm/K; ; ; ; ; ;1
R144;Чип резистор;CRCW040249R9FKED; ;49,9; ; ;Vishay; ;0402;100 ppm/K; ; ; ; ; ;1
R145;Чип резистор;CRCW040249R9FKED; ;49,9; ; ;Vishay; ;0402;100 ppm/K; ; ; ; ; ;1
R146;Чип резистор;CRCW040249R9FKED; ;49,9; ; ;Vishay; ;0402;100 ppm/K; ; ; ; ; ;1
R147;Чип резистор;CRCW040249R9FKED; ;49,9; ; ;Vishay; ;0402;100 ppm/K; ; ; ; ; ;1
R148;Чип резистор;CRCW040249R9FKED; ;49,9; ; ;Vishay; ;0402;100 ppm/K; ; ; ; ; ;1
R149;Чип резистор;CRCW040249R9FKED; ;49,9; ; ;Vishay; ;0402;100 ppm/K; ; ; ; ; ;1
R150;Чип резистор;CRCW040249R9FKED; ;49,9; ; ;Vishay; ;0402;100 ppm/K; ; ; ; ; ;1
R151;Чип резистор;CRCW040249R9FKED; ;49,9; ; ;Vishay; ;0402;100 ppm/K; ; ; ; ; ;1
R152;Чип резистор;CRCW040249R9FKED; ;49,9; ; ;Vishay; ;0402;100 ppm/K; ; ; ; ; ;1
R153;Чип резистор;CRCW040249R9FKED; ;49,9; ; ;Vishay; ;0402;100 ppm/K; ; ; ; ; ;1
R154;Чип резистор;CRCW040249R9FKED; ;49,9; ; ;Vishay; ;0402;100 ppm/K; ; ; ; ; ;1
R155;Чип резистор;CRCW040249R9FKED; ;49,9; ; ;Vishay; ;0402;100 ppm/K; ; ; ; ; ;1
R156;Чип резистор;CRCW040249R9FKED; ;49,9; ; ;Vishay; ;0402;100 ppm/K; ; ; ; ; ;1
R157;Чип резистор;CRCW040249R9FKED; ;49,9; ; ;Vishay; ;0402;100 ppm/K; ; ; ; ; ;1
R158;Чип резистор;CRCW040249R9FKED; ;49,9; ; ;Vishay; ;0402;100 ppm/K; ; ; ; ; ;1
R159;Чип резистор;CRCW040249R9FKED; ;49,9; ; ;Vishay; ;0402;100 ppm/K; ; ; ; ; ;1
R160;Чип резистор;CRCW040249R9FKED; ;49,9; ; ;Vishay; ;0402;100 ppm/K; ; ; ; ; ;1
R161;Чип резистор;CRCW040249R9FKED; ;49,9; ; ;Vishay; ;0402;100 ppm/K; ; ; ; ; ;1
R162;Чип резистор;CRCW040249R9FKED; ;49,9; ; ;Vishay; ;0402;100 ppm/K; ; ; ; ; ;1
R163;Чип резистор;CRCW040249R9FKED; ;49,9; ; ;Vishay; ;0402;100 ppm/K; ; ; ; ; ;1
R164;Чип резистор;CRCW040249R9FKED; ;49,9; ; ;Vishay; ;0402;100 ppm/K; ; ; ; ; ;1
R165;Чип резистор;CRCW0402330RJKED; ;330; ; ;Vishay;*;0402;100 ppm/K; ; ; ; ; ;5
R166;Чип резистор;CRCW0402330RJKED; ;330; ; ;Vishay;*;0402;100 ppm/K; ; ; ; ; ;5
R167;Чип резистор;CRCW04020000Z0ED; ;0; ; ;Vishay;*;0402; ; ; ; ; ; ; 
R168;Чип резистор;CRCW04020000Z0ED; ;0; ; ;Vishay;*;0402; ; ; ; ; ; ; 
R169;Чип резистор;CRCW04020000Z0ED; ;0; ; ;Vishay;*;0402; ; ; ; ; ; ; 
R170;Чип резистор;CRCW04020000Z0ED; ;0; ; ;Vishay; ;0402; ; ; ; ; ; ; 
R171;Чип резистор;CRCW04020000Z0ED; ;0; ; ;Vishay;*;0402; ; ; ; ; ; ; 
R172;Чип резистор;CRCW04020000Z0ED; ;0; ; ;Vishay; ;0402; ; ; ; ; ; ; 
R173;Чип резистор;CRCW04020000Z0ED; ;0; ; ;Vishay; ;0402; ; ; ; ; ; ; 
R174;Чип резистор;CRCW04020000Z0ED; ;0; ; ;Vishay; ;0402; ; ; ; ; ; ; 
R175;Чип резистор;CRCW040210K0JKED; ;10 к; ; ;Vishay; ;0402;100 ppm/K; ; ; ; ; ;5
R176;Чип резистор;CRCW04020000Z0ED; ;0; ; ;Vishay;*;0402; ; ; ; ; ; ; 
R177;Чип резистор;CRCW040210K0JKED; ;10 к; ; ;Vishay; ;0402;100 ppm/K; ; ; ; ; ;5
R178;Чип резистор;CRCW04020000Z0ED; ;0; ; ;Vishay;*;0402; ; ; ; ; ; ; 
R179;Чип резистор;CRCW040210K0JKED; ;10 к; ; ;Vishay; ;0402;100 ppm/K; ; ; ; ; ;5
R180;Чип резистор;CRCW040210K0JKED; ;10 к; ; ;Vishay; ;0402;100 ppm/K; ; ; ; ; ;5
R181;Чип резистор;CRCW040210K0JKED; ;10 к; ; ;Vishay; ;0402;100 ppm/K; ; ; ; ; ;5
R182;Чип резистор;CRCW040210K0JKED; ;10 к; ; ;Vishay; ;0402;100 ppm/K; ; ; ; ; ;5
R183;Чип резистор;CRCW040210K0JKED; ;10 к; ; ;Vishay; ;0402;100 ppm/K; ; ; ; ; ;5
R184;Чип резистор;CRCW04020000Z0ED; ;0; ; ;Vishay; ;0402; ; ; ; ; ; ; 
R185;Чип резистор;CRCW040210K0JKED; ;10 к; ; ;Vishay; ;0402;100 ppm/K; ; ; ; ; ;5
R186;Чип резистор;CRCW040210K0JKED; ;10 к; ; ;Vishay; ;0402;100 ppm/K; ; ; ; ; ;5
R187;Чип резистор;CRCW040210K0JKED; ;10 к; ; ;Vishay; ;0402;100 ppm/K; ; ; ; ; ;5
R188;Чип резистор;CRCW040210K0JKED; ;10 к; ; ;Vishay; ;0402;100 ppm/K; ; ; ; ; ;5
R189;Чип резистор;CRCW040210K0JKED; ;10 к; ; ;Vishay; ;0402;100 ppm/K; ; ; ; ; ;5
R190;Чип резистор;CRCW040210K0JKED; ;10 к; ; ;Vishay; ;0402;100 ppm/K; ; ; ; ; ;5
R191;Чип резистор;CRCW040210K0JKED; ;10 к; ; ;Vishay; ;0402;100 ppm/K; ; ; ; ; ;5
R192;Чип резистор;CRCW040210K0JKED; ;10 к; ; ;Vishay; ;0402;100 ppm/K; ; ; ; ; ;5
R193;Чип резистор;CRCW040210K0JKED; ;10 к; ; ;Vishay; ;0402;100 ppm/K; ; ; ; ; ;5
R194;Чип резистор;CRCW040210K0JKED; ;10 к; ; ;Vishay;*;0402;100 ppm/K; ; ; ; ; ;5
R195;Чип резистор;CRCW04020000Z0ED; ;0; ; ;Vishay;*;0402; ; ; ; ; ; ; 
R196;Чип резистор;CRCW04020000Z0ED; ;0; ; ;Vishay;*;0402; ; ; ; ; ; ; 
R197;Чип резистор;CRCW04020000Z0ED; ;0; ; ;Vishay;*;0402; ; ; ; ; ; ; 
R198;Чип резистор;CRCW040210K0JKED; ;10 к; ; ;Vishay;*;0402;100 ppm/K; ; ; ; ; ;5
R199;Чип резистор;CRCW040210K0JKED; ;10 к; ; ;Vishay;*;0402;100 ppm/K; ; ; ; ; ;5
R200;Чип резистор;CRCW040210K0JKED; ;10 к; ; ;Vishay;*;0402;100 ppm/K; ; ; ; ; ;5
R201;Чип резистор;CRCW040210K0JKED; ;10 к; ; ;Vishay;*;0402;100 ppm/K; ; ; ; ; ;5
R202;Чип резистор;CRCW040210K0JKED; ;10 к; ; ;Vishay;*;0402;100 ppm/K; ; ; ; ; ;5
R203;Чип резистор;CRCW04020000Z0ED; ;0; ; ;Vishay;*;0402; ; ; ; ; ; ; 
R204;Чип резистор;CRCW040233R0JKED; ;33; ; ;Vishay;*;0402;100 ppm/K; ; ; ; ; ;5
R205;Чип резистор;CRCW040233R0JKED; ;33; ; ;Vishay;*;0402;100 ppm/K; ; ; ; ; ;5
R206;Чип резистор;CRCW040233R0JKED; ;33; ; ;Vishay;*;0402;100 ppm/K; ; ; ; ; ;5
R207;Чип резистор;CRCW040233R0JKED; ;33; ; ;Vishay;*;0402;100 ppm/K; ; ; ; ; ;5
R208;Чип резистор;CRCW040210K0JKED; ;10 к; ; ;Vishay;*;0402;100 ppm/K; ; ; ; ; ;5
R209;Чип резистор;CRCW04020000Z0ED; ;0; ; ;Vishay;*;0402; ; ; ; ; ; ; 
R210;Чип резистор;CRCW04020000Z0ED; ;0; ; ;Vishay;*;0402; ; ; ; ; ; ; 
R211;Чип резистор;CRCW040210K0JKED; ;10 к; ; ;Vishay;*;0402;100 ppm/K; ; ; ; ; ;5
R212;Чип резистор;CRCW040210K0JKED; ;10 к; ; ;Vishay;*;0402;100 ppm/K; ; ; ; ; ;5
R213;Чип резистор;CRCW04024K99FKED; ;4,99 к; ; ;Vishay;*;0402;100 ppm/K; ; ; ; ; ;1
R214;Чип резистор;CRCW0402330RJKED; ;330; ; ;Vishay;*;0402;100 ppm/K; ; ; ; ; ;5
R215;Чип резистор;CRCW0402330RJKED; ;330; ; ;Vishay;*;0402;100 ppm/K; ; ; ; ; ;5
R216;Чип резистор;CRCW0402330RJKED; ;330; ; ;Vishay;*;0402;100 ppm/K; ; ; ; ; ;5
R217;Чип резистор;CRCW040210K0JKED; ;10 к; ; ;Vishay;*;0402;100 ppm/K; ; ; ; ; ;5
R218;Чип резистор;CRCW04020000Z0ED; ;0; ; ;Vishay;*;0402; ; ; ; ; ; ; 
R219;Чип резистор;CRCW040210K0JKED; ;10 к; ; ;Vishay;*;0402;100 ppm/K; ; ; ; ; ;5
R220;Чип резистор;CRCW040233R0JKED; ;33; ; ;Vishay; ;0402;100 ppm/K; ; ; ; ; ;5
R221;Чип резистор;CRCW040233R0JKED; ;33; ; ;Vishay; ;0402;100 ppm/K; ; ; ; ; ;5
R222;Чип резистор;CRCW040233R0JKED; ;33; ; ;Vishay; ;0402;100 ppm/K; ; ; ; ; ;5
R223;Чип резистор;CRCW040233R0JKED; ;33; ; ;Vishay; ;0402;100 ppm/K; ; ; ; ; ;5
R224;Чип резистор;CRCW040233R0JKED; ;33; ; ;Vishay; ;0402;100 ppm/K; ; ; ; ; ;5
R225;Чип резистор;CRCW040233R0JKED; ;33; ; ;Vishay; ;0402;100 ppm/K; ; ; ; ; ;5
R226;Чип резистор;CRCW040233R0JKED; ;33; ; ;Vishay; ;0402;100 ppm/K; ; ; ; ; ;5
R227;Чип резистор;CRCW040233R0JKED; ;33; ; ;Vishay; ;0402;100 ppm/K; ; ; ; ; ;5
R228;Чип резистор;CRCW040210K0JKED; ;10 к; ; ;Vishay; ;0402;100 ppm/K; ; ; ; ; ;5
R229;Чип резистор;CRCW040210K0JKED; ;10 к; ; ;Vishay; ;0402;100 ppm/K; ; ; ; ; ;5
R230;Чип резистор;CRCW04020000Z0ED; ;0; ; ;Vishay; ;0402; ; ; ; ; ; ; 
R231;Чип резистор;CRCW04020000Z0ED; ;0; ; ;Vishay; ;0402; ; ; ; ; ; ; 
R232;Чип резистор;CRCW04020000Z0ED; ;0; ; ;Vishay;*;0402; ; ; ; ; ; ; 
R233;Чип резистор;CRCW04020000Z0ED; ;0; ; ;Vishay; ;0402; ; ; ; ; ; ; 
R234;Чип резистор;CRCW04020000Z0ED; ;0; ; ;Vishay;*;0402; ; ; ; ; ; ; 
R235;Чип резистор;CRCW0402330RJKED; ;330; ; ;Vishay; ;0402;100 ppm/K; ; ; ; ; ;5
R236;Чип резистор;CRCW040210K0JKED; ;10 к; ; ;Vishay; ;0402;100 ppm/K; ; ; ; ; ;5
R237;Чип резистор;CRCW040210K0JKED; ;10 к; ; ;Vishay; ;0402;100 ppm/K; ; ; ; ; ;5
T1;Трансформатор;TG110-EMX6NXLF; ; ; ; ;Halo; ;SO-40; ; ; ; ; ; ; 
T2;Трансформатор;TG110-EMX6NXLF; ; ; ; ;Halo; ;SO-40; ; ; ; ; ; ; 
T3;Трансформатор;TG110-EMX6NXLF; ; ; ; ;Halo; ;SO-40; ; ; ; ; ; ; 
T4;Трансформатор;TG110-EMX6NXLF; ; ; ; ;Halo; ;SO-40; ; ; ; ; ; ; 
VD1;Диод;SS5P6-M3/86A; ; ; ; ;Vishay; ;TO-277A; ; ; ; ; ; ; 
VD2;Диод-супрессор;SMAJ12A-E3/5A; ; ; ; ;Vishay; ;DO-214AC; ; ; ; ; ; ; 
VD3;Диод-супрессор;SMP3V3-M3/84A; ; ; ; ;Vishay;*;DO-220AA; ; ; ; ; ; ; 
XP1;Вилка;ASP-153860-01; ; ; ; ;Samtec; ;BGA-114; ; ; ; ; ; ; 
XP2;Вилка;ASP-153860-01; ; ; ; ;Samtec; ;BGA-114; ; ; ; ; ; ; 
XP3;Вилка;53261-1071; ; ; ; ;MOLEX; ;SMD; ; ; ; ; ; ; 
XS1;Розетка;74441-0001; ; ; ; ;Molex;*;SMD; ; ; ; ; ; ; 
XS2;Кожух SFP;74737-0010; ; ; ; ;Molex;*;THRU; ; ; ; ; ; ; 
XS3;Розетка;74441-0001; ; ; ; ;Molex;*;SMD; ; ; ; ; ; ; 
XS4;Кожух SFP;74737-0010; ; ; ; ;Molex;*;THRU; ; ; ; ; ; ; 
XS5;Розетка;74441-0001; ; ; ; ;Molex;*;SMD; ; ; ; ; ; ; 
XS6;Кожух SFP;74737-0010; ; ; ; ;Molex;*;THRU; ; ; ; ; ; ; 
ZH1;Чип фильтр;BLM18PG121SN1D; ;120; ; ;Murata; ;0603; ; ; ; ; ; ; 
ZH2;Чип фильтр;BLM18PG121SN1D; ;120; ; ;Murata; ;0603; ; ; ; ; ; ; 
ZH3;Чип фильтр;BLM18PG121SN1D; ;120; ; ;Murata; ;0603; ; ; ; ; ; ; 
ZH4;Чип фильтр;BLM18PG121SN1D; ;120; ; ;Murata; ;0603; ; ; ; ; ; ; 
ZH5;Чип фильтр;BLM18PG121SN1D; ;120; ; ;Murata; ;0603; ; ; ; ; ; ; 
ZH6;Чип фильтр;BLM18PG121SN1D; ;120; ; ;Murata; ;0603; ; ; ; ; ; ; 
ZH7;Чип фильтр;BLM18PG121SN1D; ;120; ; ;Murata; ;0603; ; ; ; ; ; ; 
ZH8;Чип фильтр;BLM18PG121SN1D; ;120; ; ;Murata; ;0603; ; ; ; ; ; ; 
ZH9;Чип фильтр;BLM18PG121SN1D; ;120; ; ;Murata; ;0603; ; ; ; ; ; ; 
ZH10;Чип фильтр;BLM18PG121SN1D; ;120; ; ;Murata; ;0603; ; ; ; ; ; ; 
ZH11;Чип фильтр;BLM18PG121SN1D; ;120; ; ;Murata; ;0603; ; ; ; ; ; ; 
ZH12;Чип фильтр;BLM18PG121SN1D; ;120; ; ;Murata; ;0603; ; ; ; ; ; ; 
ZH13;Чип фильтр;BLM18PG121SN1D; ;120; ; ;Murata; ;0603; ; ; ; ; ; ; 
ZH14;Чип фильтр;BLM18PG121SN1D; ;120; ; ;Murata; ;0603; ; ; ; ; ; ; 
ZH15;Чип фильтр;BLM18PG121SN1D; ;120; ; ;Murata;*;0603; ; ; ; ; ; ; 
ZH16;Чип фильтр;BLM18PG121SN1D; ;120; ; ;Murata;*;0603; ; ; ; ; ; ; 
ZH17;Чип фильтр;BLM18PG121SN1D; ;120; ; ;Murata;*;0603; ; ; ; ; ; ; 
ZH18;Чип фильтр;BLM18PG121SN1D; ;120; ; ;Murata;*;0603; ; ; ; ; ; ; 
ZH19;Чип фильтр;BLM18PG121SN1D; ;120; ; ;Murata;*;0603; ; ; ; ; ; ; 
ZH20;Чип фильтр;BLM18PG121SN1D; ;120; ; ;Murata;*;0603; ; ; ; ; ; ; 
