Name;Kol;Prim
»яƒ—.121212.122 —б —борочный чертеж —борочный чертеж —борочный чертеж —борочный чертеж —борочный чертеж —борочный чертеж; 9; м2
»яƒ—.121212.122 ѕЁ3 ѕеречень элементов; 7; см
»яƒ—.121212.122 —б —борочный чертеж —борочный чертеж —борочный чертеж —борочный чертеж —борочный чертеж —борочный чертеж; 9; м2
»яƒ—.121212.122 ѕЁ3 ѕеречень элементов; 7; см
»яƒ—.121212.122 —б —борочный чертеж —борочный чертеж —борочный чертеж —борочный чертеж —борочный чертеж —борочный чертеж; 9; м2
»яƒ—.121212.122 ѕЁ3 ѕеречень элементов; 7; см
»яƒ—.121212.122 —б —борочный чертеж —борочный чертеж —борочный чертеж —борочный чертеж —борочный чертеж —борочный чертеж; 9; м2
»яƒ—.121212.122 —б —борочный чертеж —борочный чертеж —борочный чертеж —борочный чертеж —борочный чертеж —борочный чертеж; 9; м2
»яƒ—.121212.122 ѕЁ3 ѕеречень элементов; 7; см
»яƒ—.121212.122 —б —борочный чертеж —борочный чертеж —борочный чертеж —борочный чертеж —борочный чертеж —борочный чертеж; 9; м2